"_id,""_labels"",""age"",""country"",""mountain"",""name"",""points"",""type"",""_start"",""_end"",""_type"",""results"",""stages"""
"0,"":Race"",""tour"",""Giro d'Italia"",""Italy"","""","""","""",,,,,"
"20,"":Race"",""tour"",""La Vuelta a España"",""España"","""","""","""",,,,,"
"40,"":Race"",""Monument"",""Milano-San Remo"",""Italy"","""","""","""",,,,,"
"41,"":Race"",""Monument"",""Ronde van Vlaanderen"",""Belgium"","""","""","""",,,,,"
"42,"":Race"",""Monument"",""Paris-Roubaix"",""France"","""","""","""",,,,,"
"43,"":Race"",""Monument"",""Liége-Bastogne-Liége"",""Belgium"","""","""","""",,,,,"
"44,"":Race"",""Monument"",""Il Lombardia"",""Italy"","""","""","""",,,,,"
"62,"":Race"",""tour"",""Tour de France"",""France"","""","""","""",,,,,"
"66,"":Rider"","""",""Primoz Roglic"",""Slovenia"",""29"",""no"",""no"",,,,,"
"67,"":Rider"","""",""Jakob Fuglsang"",""Denmark"",""34"",""no"",""no"",,,,,"
"68,"":Rider"","""",""Alejandro Valverde"",""Spain"",""39"",""no"",""no"",,,,,"
"69,"":Rider"","""",""Egan Bernal"",""Colombia"",""22"",""no"",""no"",,,,,"
"70,"":Rider"","""",""Julian Alaphilippe"",""France"",""27"",""yes"",""no"",,,,,"
"72,"":Rider"","""",""Elia Viviani"",""Italy"",""30"",""no"",""yes"",,,,,"
"74,"":Rider"","""",""Alexander Kristoff"",""Norway"",""29"",""no"",""yes"",,,,,"
"75,"":Rider"","""",""Peter Sagan"",""Slovakia"",""29"",""no"",""yes"",,,,,"
"77,"":Rider"","""",""Caleb Ewan"",""Australia"",""25"",""no"",""yes"",,,,,"
"78,"":Rider"","""",""Tadej Pogacar"",""Slovenia"",""21"",""no"",""no"",,,,,"
"79,"":Rider"","""",""Thibaut Pinot"",""France"",""29"",""no"",""no"",,,,,"
"80,"":Rider"","""",""Oliver Naesen"",""Belgium"",""29"",""no"",""no"",,,,,"
"81,"":Rider"","""",""Dylan Groenewegen"",""Netherlands"",""26"",""no"",""yes"",,,,,"
"83,"":Rider"","""",""Nairo Quintana"",""Colombia"",""29"",""no"",""no"",,,,,"
"85,"":Rider"","""",""Adam Yates"",""Great Britain"",""27"",""no"",""no"",,,,,"
"86,"":Rider"","""",""Simon Yates"",""Great Britain"",""27"",""no"",""no"",,,,,"
"87,"":Rider"","""",""Emanuel Buchmann"",""Germany"",""26"",""no"",""no"",,,,,"
"88,"":Rider"","""",""Sam Bennett"",""Ireland"",""28"",""no"",""yes"",,,,,"
"90,"":Rider"","""",""Miguel Ángel López"",""Colombia"",""25"",""no"",""no"",,,,,"
"91,"":Rider"","""",""Vincenzo Nibali"",""Italy"",""34"",""no"",""no"",,,,,"
"92,"":Rider"","""",""Michael Matthews"",""Australia"",""29"",""no"",""yes"",,,,,"
"93,"":Rider"","""",""Yves Lampaert"",""Belgium"",""28"",""no"",""no"",,,,,"
"95,"":Rider"","""",""Sony Colbrelli"",""Italy"",""29"",""no"",""no"",,,,,"
"96,"":Rider"","""",""Dylan Teuns"",""Belgium"",""27"",""no"",""no"",,,,,"
"101,"":Rider"","""",""Bauke Mollema"",""Netherlands"",""32"",""no"",""no"",,,,,"
"120,"":Rider"","""",""Tiesj Benoot"",""Belgium"",""25"",""no"",""no"",,,,,"
"121,"":Rider"","""",""Ion Izagirre"",""Spain"",""30"",""no"",""no"",,,,,"
"122,"":Rider"","""",""Mikel Landa"",""Spain"",""29"",""no"",""no"",,,,,"
"123,"":Rider"","""",""Philippe Gilbert"",""Belgium"",""37"",""no"",""no"",,,,,"
"124,"":Rider"","""",""Zdenek Stybar"",""Czech Republic"",""33"",""no"",""no"",,,,,"
"125,"":Rider"","""",""Jasper Stuyven"",""Belgium"",""27"",""no"",""no"",,,,,"
"126,"":Rider"","""",""Steven Kruijswijk"",""Netherlands"",""32"",""no"",""no"",,,,,"
"127,"":Rider"","""",""Michael Woods"",""Canada"",""32"",""no"",""no"",,,,,"
"128,"":Rider"","""",""Tom Dumoulin"",""Netherlands"",""28"",""no"",""no"",,,,,"
"129,"":Rider"","""",""Geraint Thomas"",""Great Britain"",""33"",""no"",""no"",,,,,"
"130,"":Rider"","""",""Wout van Aert"",""Belgium"",""25"",""no"",""no"",,,,,"
"131,"":Rider"","""",""Romain Bardet"",""France"",""28"",""yes"",""no"",,,,,"
"132,"":Rider"","""",""Arnaud Démare"",""France"",""28"",""no"",""yes"",,,,,"
"134,"":Rider"","""",""Rigoberto Urán"",""Colombia"",""32"",""no"",""no"",,,,,"
"135,"":Rider"","""",""Daniel Martin"",""Ireland"",""33"",""no"",""no"",,,,,"
"136,"":Rider"","""",""Richie Porte"",""Australia"",""34"",""no"",""no"",,,,,"
"137,"":Rider"","""",""Michal Kwiatkowski"",""Poland"",""29"",""no"",""no"",,,,,"
"138,"":Rider"","""",""John Degenkolb"",""Germany"",""30"",""no"",""no"",,,,,"
"139,"":Rider"","""",""Nikki Terpstra"",""Netherlands"",""35"",""no"",""no"",,,,,"
"140,"":Rider"","""",""Rafal Majka"",""Poland"",""30"",""yes"",""no"",,,,,"
"141,"":Rider"","""",""Fernando Gaviria"",""Colombia"",""25"",""no"",""yes"",,,,,"
"142,"":Rider"","""",""Thomas de Gendt"",""Belgium"",""32"",""yes"",""no"",,,,,"
"143,"":Rider"","""",""Edvald Boasson Hagen"",""Norway"",""32"",""no"",""no"",,,,,"
"160,"":Rider"","""",""Sep Vanmarcke"",""Belgium"",""31"",""no"",""no"",,,,,"
"161,"":Rider"","""",""Bob Jungels"",""Luxembourg"",""27"",""no"",""no"",,,,,"
"162,"":Rider"","""",""Chris Froome"",""Great Britain"",""34"",""no"",""no"",,,,,"
"163,"":Rider"","""",""Greg Van Avermaet"",""Belgium"",""34"",""no"",""no"",,,,,"
"164,"":Team"","""",""Jumbo Visma"","""","""","""","""",,,,,"
"184,"":Team"","""",""Ag2r"","""","""","""","""",,,,,"
"185,"":Team"","""",""Astana"","""","""","""","""",,,,,"
"186,"":Team"","""",""Bahrain Merida"","""","""","""","""",,,,,"
"187,"":Team"","""",""Bora-Hansgrohe"","""","""","""","""",,,,,"
"188,"":Team"","""",""CCC Team"","""","""","""","""",,,,,"
"189,"":Team"","""",""Deceunink-Quick Step"","""","""","""","""",,,,,"
"190,"":Team"","""",""Education First"","""","""","""","""",,,,,"
"191,"":Team"","""",""Groupama-FDJ"","""","""","""","""",,,,,"
"192,"":Team"","""",""Lotto Soudal"","""","""","""","""",,,,,"
"193,"":Team"","""",""Mitchelton Scott"","""","""","""","""",,,,,"
"194,"":Team"","""",""Movistar Team"","""","""","""","""",,,,,"
"195,"":Team"","""",""Dimension Data"","""","""","""","""",,,,,"
"196,"":Team"","""",""Team INEOS"","""","""","""","""",,,,,"
"197,"":Team"","""",""Katusha-Alpecin"","""","""","""","""",,,,,"
"198,"":Team"","""",""Sunweb"","""","""","""","""",,,,,"
"199,"":Team"","""",""Trek-Segafredo"","""","""","""","""",,,,,"
"200,"":Team"","""",""UAE-Team"","""","""","""","""",,,,,"
"201,"":Team"","""",""Total Direct Energie"","""","""","""","""",,,,,"
",,,,,,,,""66"",""40"",""PARTICPATES_IN"",""[""""-"""",""""-"""",""""67"""",""""-"""",""""-""""]"","""""
",,,,,,,,""67"",""40"",""PARTICPATES_IN"",""[""""-"""",""""-"""",""""-"""",""""-"""",""""-""""]"","""""
",,,,,,,,""68"",""40"",""PARTICPATES_IN"",""[""""-"""",""""15"""",""""-"""",""""-"""",""""7""""]"","""""
",,,,,,,,""69"",""40"",""PARTICPATES_IN"",""[""""-"""",""""-"""",""""-"""",""""-"""",""""-""""]"","""""
",,,,,,,,""70"",""40"",""PARTICPATES_IN"",""[""""-"""",""""-"""",""""3"""",""""35"""",""""1""""]"","""""
",,,,,,,,""72"",""40"",""PARTICPATES_IN"",""[""""-"""",""""84"""",""""9"""",""""19"""",""""65""""]"","""""
",,,,,,,,""74"",""40"",""PARTICPATES_IN"",""[""""2"""",""""6"""",""""4"""",""""4"""",""""14""""]"","""""
",,,,,,,,""75"",""40"",""PARTICPATES_IN"",""[""""4"""",""""12"""",""""2"""",""""6"""",""""4""""]"","""""
",,,,,,,,""77"",""40"",""PARTICPATES_IN"",""[""""-"""",""""-"""",""""10"""",""""2"""",""""29""""]"","""""
",,,,,,,,""78"",""40"",""PARTICPATES_IN"",""[""""-"""",""""-"""",""""-"""",""""-"""",""""-""""]"","""""
",,,,,,,,""79"",""40"",""PARTICPATES_IN"",""[""""-"""",""""-"""",""""-"""",""""-"""",""""-""""]"","""""
",,,,,,,,""80"",""40"",""PARTICPATES_IN"",""[""""-"""",""""-"""",""""-"""",""""62"""",""""2""""]"","""""
",,,,,,,,""81"",""40"",""PARTICPATES_IN"",""[""""-"""",""""-"""",""""-"""",""""-"""",""""-""""]"","""""
",,,,,,,,""83"",""40"",""PARTICPATES_IN"",""[""""-"""",""""-"""",""""-"""",""""-"""",""""-""""]"","""""
",,,,,,,,""85"",""40"",""PARTICPATES_IN"",""[""""-"""",""""-"""",""""-"""",""""-"""",""""-""""]"","""""
",,,,,,,,""86"",""40"",""PARTICPATES_IN"",""[""""-"""",""""-"""",""""-"""",""""-"""",""""-""""]"","""""
",,,,,,,,""87"",""40"",""PARTICPATES_IN"",""[""""-"""",""""-"""",""""-"""",""""-"""",""""-""""]"","""""
",,,,,,,,""88"",""40"",""PARTICPATES_IN"",""[""""-"""",""""-"""",""""66"""",""""-"""",""""28""""]"","""""
",,,,,,,,""90"",""40"",""PARTICPATES_IN"",""[""""-"""",""""-"""",""""-"""",""""-"""",""""-""""]"","""""
",,,,,,,,""91"",""40"",""PARTICPATES_IN"",""[""""45"""",""""33"""",""""-"""",""""1"""",""""8""""]"","""""
",,,,,,,,""92"",""40"",""PARTICPATES_IN"",""[""""3"""",""""59"""",""""12"""",""""7"""",""""12""""]"","""""
",,,,,,,,""93"",""40"",""PARTICPATES_IN"",""[""""-"""",""""-"""",""""-"""",""""-"""",""""-""""]"","""""
",,,,,,,,""95"",""40"",""PARTICPATES_IN"",""[""""18"""",""""9"""",""""13"""",""""9"""",""""43""""]"","""""
",,,,,,,,""96"",""40"",""PARTICPATES_IN"",""[""""-"""",""""-"""",""""-"""",""""-"""",""""-""""]"","""""
",,,,,,,,""101"",""40"",""PARTICPATES_IN"",""[""""-"""",""""-"""",""""-"""",""""-"""",""""-""""]"","""""
",,,,,,,,""66"",""41"",""PARTICPATES_IN"",""[""""-"""",""""-"""",""""-"""",""""-"""",""""-""""]"","""""
",,,,,,,,""67"",""41"",""PARTICPATES_IN"",""[""""-"""",""""-"""",""""-"""",""""-"""",""""-""""]"","""""
",,,,,,,,""68"",""41"",""PARTICPATES_IN"",""[""""-"""",""""-"""",""""-"""",""""-"""",""""-""""]"","""""
",,,,,,,,""69"",""41"",""PARTICPATES_IN"",""[""""-"""",""""-"""",""""-"""",""""-"""",""""-""""]"","""""
",,,,,,,,""70"",""41"",""PARTICPATES_IN"",""[""""-"""",""""-"""",""""-"""",""""-"""",""""-""""]"","""""
",,,,,,,,""72"",""41"",""PARTICPATES_IN"",""[""""-"""",""""-"""",""""-"""",""""-"""",""""-""""]"","""""
",,,,,,,,""74"",""41"",""PARTICPATES_IN"",""[""""1"""",""""4"""",""""5"""",""""16"""",""""3""""]"","""""
",,,,,,,,""75"",""41"",""PARTICPATES_IN"",""[""""4"""",""""1"""",""""27"""",""""6"""",""""11""""]"","""""
",,,,,,,,""77"",""41"",""PARTICPATES_IN"",""[""""-"""",""""-"""",""""-"""",""""-"""",""""-""""]"","""""
",,,,,,,,""78"",""41"",""PARTICPATES_IN"",""[""""-"""",""""-"""",""""-"""",""""-"""",""""-""""]"","""""
",,,,,,,,""79"",""41"",""PARTICPATES_IN"",""[""""-"""",""""-"""",""""-"""",""""-"""",""""-""""]"","""""
",,,,,,,,""80"",""41"",""PARTICPATES_IN"",""[""""35"""",""""22"""",""""23"""",""""11"""",""""7""""]"","""""
",,,,,,,,""81"",""41"",""PARTICPATES_IN"",""[""""-"""",""""-"""",""""-"""",""""-"""",""""-""""]"","""""
",,,,,,,,""83"",""41"",""PARTICPATES_IN"",""[""""-"""",""""-"""",""""-"""",""""-"""",""""-""""]"","""""
",,,,,,,,""85"",""41"",""PARTICPATES_IN"",""[""""-"""",""""-"""",""""-"""",""""-"""",""""-""""]"","""""
",,,,,,,,""86"",""41"",""PARTICPATES_IN"",""[""""-"""",""""-"""",""""-"""",""""-"""",""""-""""]"","""""
",,,,,,,,""87"",""41"",""PARTICPATES_IN"",""[""""-"""",""""-"""",""""-"""",""""-"""",""""-""""]"","""""
",,,,,,,,""88"",""41"",""PARTICPATES_IN"",""[""""-"""",""""-"""",""""-"""",""""-"""",""""-""""]"","""""
",,,,,,,,""90"",""41"",""PARTICPATES_IN"",""[""""-"""",""""-"""",""""-"""",""""-"""",""""-""""]"","""""
",,,,,,,,""91"",""41"",""PARTICPATES_IN"",""[""""-"""",""""-"""",""""-"""",""""-"""",""""-""""]"","""""
",,,,,,,,""92"",""41"",""PARTICPATES_IN"",""[""""-"""",""""-"""",""""-"""",""""-"""",""""6""""]"","""""
",,,,,,,,""93"",""41"",""PARTICPATES_IN"",""[""""24"""",""""-"""",""""36"""",""""29"""",""""17""""]"","""""
",,,,,,,,""95"",""41"",""PARTICPATES_IN"",""[""""-"""",""""-"""",""""10"""",""""23"""",""""30""""]"","""""
",,,,,,,,""96"",""41"",""PARTICPATES_IN"",""[""""-"""",""""-"""",""""-"""",""""-"""",""""-""""]"","""""
",,,,,,,,""101"",""41"",""PARTICPATES_IN"",""[""""-"""",""""-"""",""""-"""",""""-"""",""""-""""]"","""""
",,,,,,,,""66"",""42"",""PARTICPATES_IN"",""[""""-"""",""""-"""",""""-"""",""""-"""",""""-""""]"","""""
",,,,,,,,""67"",""42"",""PARTICPATES_IN"",""[""""-"""",""""-"""",""""-"""",""""-"""",""""-""""]"","""""
",,,,,,,,""68"",""42"",""PARTICPATES_IN"",""[""""-"""",""""-"""",""""-"""",""""-"""",""""-""""]"","""""
",,,,,,,,""69"",""42"",""PARTICPATES_IN"",""[""""-"""",""""-"""",""""-"""",""""-"""",""""-""""]"","""""
",,,,,,,,""70"",""42"",""PARTICPATES_IN"",""[""""-"""",""""-"""",""""-"""",""""-"""",""""-""""]"","""""
",,,,,,,,""72"",""42"",""PARTICPATES_IN"",""[""""-"""",""""-"""",""""-"""",""""-"""",""""-""""]"","""""
",,,,,,,,""74"",""42"",""PARTICPATES_IN"",""[""""10"""",""""48"""",""""-"""",""""57"""",""""56""""]"","""""
",,,,,,,,""75"",""42"",""PARTICPATES_IN"",""[""""23"""",""""11"""",""""38"""",""""1"""",""""5""""]"","""""
",,,,,,,,""77"",""42"",""PARTICPATES_IN"",""[""""-"""",""""-"""",""""-"""",""""-"""",""""-""""]"","""""
",,,,,,,,""78"",""42"",""PARTICPATES_IN"",""[""""-"""",""""-"""",""""-"""",""""-"""",""""-""""]"","""""
",,,,,,,,""79"",""42"",""PARTICPATES_IN"",""[""""-"""",""""-"""",""""-"""",""""-"""",""""-""""]"","""""
",,,,,,,,""80"",""42"",""PARTICPATES_IN"",""[""""57"""",""""13"""",""""31"""",""""12"""",""""13""""]"","""""
",,,,,,,,""81"",""42"",""PARTICPATES_IN"",""[""""-"""",""""-"""",""""-"""",""""-"""",""""-""""]"","""""
",,,,,,,,""83"",""42"",""PARTICPATES_IN"",""[""""-"""",""""-"""",""""-"""",""""-"""",""""-""""]"","""""
",,,,,,,,""85"",""42"",""PARTICPATES_IN"",""[""""-"""",""""-"""",""""-"""",""""-"""",""""-""""]"","""""
",,,,,,,,""86"",""42"",""PARTICPATES_IN"",""[""""-"""",""""-"""",""""-"""",""""-"""",""""-""""]"","""""
",,,,,,,,""87"",""42"",""PARTICPATES_IN"",""[""""-"""",""""-"""",""""-"""",""""-"""",""""-""""]"","""""
",,,,,,,,""88"",""42"",""PARTICPATES_IN"",""[""""-"""",""""-"""",""""-"""",""""-"""",""""-""""]"","""""
",,,,,,,,""90"",""42"",""PARTICPATES_IN"",""[""""-"""",""""-"""",""""-"""",""""-"""",""""-""""]"","""""
",,,,,,,,""91"",""42"",""PARTICPATES_IN"",""[""""-"""",""""-"""",""""-"""",""""-"""",""""-""""]"","""""
",,,,,,,,""92"",""42"",""PARTICPATES_IN"",""[""""-"""",""""-"""",""""-"""",""""-"""",""""-""""]"","""""
",,,,,,,,""93"",""42"",""PARTICPATES_IN"",""[""""7"""",""""-"""",""""82"""",""""28"""",""""3""""]"","""""
",,,,,,,,""95"",""42"",""PARTICPATES_IN"",""[""""-"""",""""-"""",""""-"""",""""-"""",""""-""""]"","""""
",,,,,,,,""96"",""42"",""PARTICPATES_IN"",""[""""-"""",""""-"""",""""-"""",""""-"""",""""-""""]"","""""
",,,,,,,,""101"",""42"",""PARTICPATES_IN"",""[""""-"""",""""-"""",""""-"""",""""-"""",""""-""""]"","""""
",,,,,,,,""66"",""43"",""PARTICPATES_IN"",""[""""-"""",""""-"""",""""-"""",""""-"""",""""-""""]"","""""
",,,,,,,,""67"",""43"",""PARTICPATES_IN"",""[""""9"""",""""68"""",""""15"""",""""10"""",""""1""""]"","""""
",,,,,,,,""68"",""43"",""PARTICPATES_IN"",""[""""1"""",""""16"""",""""1"""",""""13"""",""""-""""]"","""""
",,,,,,,,""69"",""43"",""PARTICPATES_IN"",""[""""-"""",""""-"""",""""-"""",""""-"""",""""-""""]"","""""
",,,,,,,,""70"",""43"",""PARTICPATES_IN"",""[""""2"""",""""23"""",""""-"""",""""4"""",""""16""""]"","""""
",,,,,,,,""72"",""43"",""PARTICPATES_IN"",""[""""-"""",""""-"""",""""-"""",""""-"""",""""-""""]"","""""
",,,,,,,,""74"",""43"",""PARTICPATES_IN"",""[""""-"""",""""-"""",""""-"""",""""-"""",""""-""""]"","""""
",,,,,,,,""75"",""43"",""PARTICPATES_IN"",""[""""-"""",""""-"""",""""-"""",""""-"""",""""-""""]"","""""
",,,,,,,,""77"",""43"",""PARTICPATES_IN"",""[""""-"""",""""-"""",""""-"""",""""-"""",""""-""""]"","""""
",,,,,,,,""78"",""43"",""PARTICPATES_IN"",""[""""-"""",""""-"""",""""-"""",""""-"""",""""-""""]"","""""
",,,,,,,,""79"",""43"",""PARTICPATES_IN"",""[""""-"""",""""-"""",""""-"""",""""-"""",""""-""""]"","""""
",,,,,,,,""80"",""43"",""PARTICPATES_IN"",""[""""-"""",""""-"""",""""-"""",""""-"""",""""-""""]"","""""
",,,,,,,,""81"",""43"",""PARTICPATES_IN"",""[""""-"""",""""-"""",""""-"""",""""-"""",""""-""""]"","""""
",,,,,,,,""83"",""43"",""PARTICPATES_IN"",""[""""-"""",""""-"""",""""-"""",""""-"""",""""-""""]"","""""
",,,,,,,,""85"",""43"",""PARTICPATES_IN"",""[""""-"""",""""56"""",""""8"""",""""-"""",""""4""""]"","""""
",,,,,,,,""86"",""43"",""PARTICPATES_IN"",""[""""-"""",""""-"""",""""-"""",""""-"""",""""-""""]"","""""
",,,,,,,,""87"",""43"",""PARTICPATES_IN"",""[""""-"""",""""-"""",""""-"""",""""-"""",""""-""""]"","""""
",,,,,,,,""88"",""43"",""PARTICPATES_IN"",""[""""-"""",""""-"""",""""-"""",""""-"""",""""-""""]"","""""
",,,,,,,,""90"",""43"",""PARTICPATES_IN"",""[""""-"""",""""-"""",""""-"""",""""-"""",""""-""""]"","""""
",,,,,,,,""91"",""43"",""PARTICPATES_IN"",""[""""13"""",""""51"""",""""-"""",""""32"""",""""8""""]"","""""
",,,,,,,,""92"",""43"",""PARTICPATES_IN"",""[""""-"""",""""-"""",""""4"""",""""63"""",""""35""""]"","""""
",,,,,,,,""93"",""43"",""PARTICPATES_IN"",""[""""-"""",""""-"""",""""-"""",""""-"""",""""-""""]"","""""
",,,,,,,,""95"",""43"",""PARTICPATES_IN"",""[""""-"""",""""-"""",""""-"""",""""-"""",""""-""""]"","""""
",,,,,,,,""96"",""43"",""PARTICPATES_IN"",""[""""31"""",""""17"""",""""24"""",""""20"""",""""9""""]"","""""
",,,,,,,,""101"",""43"",""PARTICPATES_IN"",""[""""35"""",""""9"""",""""-"""",""""25"""",""""-""""]"","""""
",,,,,,,,""66"",""44"",""PARTICPATES_IN"",""[""""-"""",""""-"""",""""40"""",""""17"""",""""7""""]"","""""
",,,,,,,,""67"",""44"",""PARTICPATES_IN"",""[""""-"""",""""20"""",""""-"""",""""20"""",""""4""""]"","""""
",,,,,,,,""68"",""44"",""PARTICPATES_IN"",""[""""4"""",""""6"""",""""-"""",""""11"""",""""2""""]"","""""
",,,,,,,,""69"",""44"",""PARTICPATES_IN"",""[""""-"""",""""-"""",""""13"""",""""12"""",""""3""""]"","""""
",,,,,,,,""70"",""44"",""PARTICPATES_IN"",""[""""-"""",""""-"""",""""60"""",""""2"""",""""-""""]"","""""
",,,,,,,,""72"",""44"",""PARTICPATES_IN"",""[""""-"""",""""-"""",""""-"""",""""-"""",""""-""""]"","""""
",,,,,,,,""74"",""44"",""PARTICPATES_IN"",""[""""-"""",""""-"""",""""-"""",""""-"""",""""-""""]"","""""
",,,,,,,,""75"",""44"",""PARTICPATES_IN"",""[""""-"""",""""-"""",""""-"""",""""-"""",""""-""""]"","""""
",,,,,,,,""77"",""44"",""PARTICPATES_IN"",""[""""-"""",""""-"""",""""-"""",""""-"""",""""-""""]"","""""
",,,,,,,,""78"",""44"",""PARTICPATES_IN"",""[""""-"""",""""-"""",""""-"""",""""-"""",""""-""""]"","""""
",,,,,,,,""79"",""44"",""PARTICPATES_IN"",""[""""3"""",""""-"""",""""5"""",""""1"""",""""-""""]"","""""
",,,,,,,,""80"",""44"",""PARTICPATES_IN"",""[""""-"""",""""-"""",""""-"""",""""-"""",""""-""""]"","""""
",,,,,,,,""81"",""44"",""PARTICPATES_IN"",""[""""-"""",""""-"""",""""-"""",""""-"""",""""-""""]"","""""
",,,,,,,,""83"",""44"",""PARTICPATES_IN"",""[""""-"""",""""-"""",""""9"""",""""-"""",""""-""""]"","""""
",,,,,,,,""85"",""44"",""PARTICPATES_IN"",""[""""56"""",""""-"""",""""74"""",""""29"""",""""15""""]"","""""
",,,,,,,,""86"",""44"",""PARTICPATES_IN"",""[""""18"""",""""-"""",""""-"""",""""-"""",""""-""""]"","""""
",,,,,,,,""87"",""44"",""PARTICPATES_IN"",""[""""-"""",""""-"""",""""86"""",""""22"""",""""8""""]"","""""
",,,,,,,,""88"",""44"",""PARTICPATES_IN"",""[""""-"""",""""-"""",""""-"""",""""-"""",""""-""""]"","""""
",,,,,,,,""90"",""44"",""PARTICPATES_IN"",""[""""-"""",""""-"""",""""-"""",""""-"""",""""-""""]"","""""
",,,,,,,,""91"",""44"",""PARTICPATES_IN"",""[""""1"""",""""-"""",""""1"""",""""2"""",""""55""""]"","""""
",,,,,,,,""92"",""44"",""PARTICPATES_IN"",""[""""-"""",""""-"""",""""-"""",""""-"""",""""-""""]"","""""
",,,,,,,,""93"",""44"",""PARTICPATES_IN"",""[""""-"""",""""-"""",""""-"""",""""-"""",""""-""""]"","""""
",,,,,,,,""95"",""44"",""PARTICPATES_IN"",""[""""-"""",""""-"""",""""-"""",""""-"""",""""-""""]"","""""
",,,,,,,,""96"",""44"",""PARTICPATES_IN"",""[""""-"""",""""-"""",""""-"""",""""3"""",""""-""""]"","""""
",,,,,,,,""101"",""44"",""PARTICPATES_IN"",""[""""-"""",""""19"""",""""19"""",""""64"""",""""1""""]"","""""
",,,,,,,,""66"",""62"",""PARTICPATES_IN"",""[""""-"""",""""-"""",""""38"""",""""4"""",""""-""""]"",""2"""
",,,,,,,,""67"",""62"",""PARTICPATES_IN"",""[""""23"""",""""52"""",""""-"""",""""12"""",""""-""""]"",""0"""
",,,,,,,,""68"",""62"",""PARTICPATES_IN"",""[""""3"""",""""6"""",""""-"""",""""14"""",""""9""""]"",""4"""
",,,,,,,,""69"",""62"",""PARTICPATES_IN"",""[""""-"""",""""-"""",""""-"""",""""15"""",""""1""""]"",""0"""
",,,,,,,,""70"",""62"",""PARTICPATES_IN"",""[""""-"""",""""41"""",""""-"""",""""33"""",""""5""""]"",""4"""
",,,,,,,,""72"",""62"",""PARTICPATES_IN"",""[""""-"""",""""-"""",""""-"""",""""-"""",""""-""""]"",""1"""
",,,,,,,,""74"",""62"",""PARTICPATES_IN"",""[""""-"""",""""-"""",""""-"""",""""-"""",""""-""""]"",""3"""
",,,,,,,,""75"",""62"",""PARTICPATES_IN"",""[""""-"""",""""-"""",""""-"""",""""-"""",""""-""""]"",""12"""
",,,,,,,,""77"",""62"",""PARTICPATES_IN"",""[""""-"""",""""-"""",""""-"""",""""-"""",""""-""""]"",""3"""
",,,,,,,,""78"",""62"",""PARTICPATES_IN"",""[""""-"""",""""-"""",""""-"""",""""-"""",""""-""""]"","""""
",,,,,,,,""79"",""62"",""PARTICPATES_IN"",""[""""16"""",""""-"""",""""-"""",""""-"""",""""-""""]"",""3"""
",,,,,,,,""80"",""62"",""PARTICPATES_IN"",""[""""-"""",""""-"""",""""-"""",""""-"""",""""-""""]"","""""
",,,,,,,,""81"",""62"",""PARTICPATES_IN"",""[""""-"""",""""-"""",""""-"""",""""-"""",""""-""""]"",""4"""
",,,,,,,,""83"",""62"",""PARTICPATES_IN"",""[""""2"""",""""3"""",""""12"""",""""10"""",""""8""""]"",""3"""
",,,,,,,,""85"",""62"",""PARTICPATES_IN"",""[""""-"""",""""4"""",""""-"""",""""29"""",""""29""""]"","""""
",,,,,,,,""86"",""62"",""PARTICPATES_IN"",""[""""-"""",""""-"""",""""7"""",""""-"""",""""49""""]"",""2"""
",,,,,,,,""87"",""62"",""PARTICPATES_IN"",""[""""-"""",""""21"""",""""15"""",""""-"""",""""4""""]"","""""
",,,,,,,,""88"",""62"",""PARTICPATES_IN"",""[""""-"""",""""-"""",""""-"""",""""-"""",""""-""""]"","""""
",,,,,,,,""90"",""62"",""PARTICPATES_IN"",""[""""-"""",""""-"""",""""-"""",""""-"""",""""-""""]"","""""
",,,,,,,,""91"",""62"",""PARTICPATES_IN"",""[""""4"""",""""30"""",""""-"""",""""-"""",""""39""""]"",""6"""
",,,,,,,,""92"",""62"",""PARTICPATES_IN"",""[""""-"""",""""-"""",""""-"""",""""-"""",""""-""""]"",""3"""
",,,,,,,,""93"",""62"",""PARTICPATES_IN"",""[""""-"""",""""-"""",""""-"""",""""-"""",""""-""""]"","""""
",,,,,,,,""95"",""62"",""PARTICPATES_IN"",""[""""-"""",""""-"""",""""-"""",""""-"""",""""-""""]"","""""
",,,,,,,,""96"",""62"",""PARTICPATES_IN"",""[""""-"""",""""-"""",""""-"""",""""-"""",""""-""""]"",""1"""
",,,,,,,,""101"",""62"",""PARTICPATES_IN"",""[""""7"""",""""11"""",""""17"""",""""26"""",""""28""""]"",""1"""
",,,,,,,,""66"",""0"",""PARTICPATES_IN"",""[""""-"""",""""-"""",""""-"""",""""-"""",""""3""""]"",""3"""
",,,,,,,,""67"",""0"",""PARTICPATES_IN"",""[""""-"""",""""12"""",""""-"""",""""-"""",""""-""""]"",""0"""
",,,,,,,,""68"",""0"",""PARTICPATES_IN"",""[""""-"""",""""3"""",""""-"""",""""-"""",""""-""""]"",""1"""
",,,,,,,,""69"",""0"",""PARTICPATES_IN"",""[""""-"""",""""-"""",""""-"""",""""-"""",""""-""""]"","""""
",,,,,,,,""70"",""0"",""PARTICPATES_IN"",""[""""-"""",""""-"""",""""-"""",""""-"""",""""-""""]"","""""
",,,,,,,,""72"",""0"",""PARTICPATES_IN"",""[""""-"""",""""-"""",""""-"""",""""-"""",""""-""""]"",""5"""
",,,,,,,,""74"",""0"",""PARTICPATES_IN"",""[""""-"""",""""-"""",""""-"""",""""-"""",""""-""""]"",""0"""
",,,,,,,,""75"",""0"",""PARTICPATES_IN"",""[""""-"""",""""-"""",""""-"""",""""-"""",""""-""""]"","""""
",,,,,,,,""77"",""0"",""PARTICPATES_IN"",""[""""-"""",""""-"""",""""-"""",""""-"""",""""-""""]"",""3"""
",,,,,,,,""78"",""0"",""PARTICPATES_IN"",""[""""-"""",""""-"""",""""-"""",""""-"""",""""-""""]"","""""
",,,,,,,,""79"",""0"",""PARTICPATES_IN"",""[""""-"""",""""-"""",""""4"""",""""-"""",""""-""""]"",""1"""
",,,,,,,,""80"",""0"",""PARTICPATES_IN"",""[""""-"""",""""-"""",""""-"""",""""-"""",""""-""""]"","""""
",,,,,,,,""81"",""0"",""PARTICPATES_IN"",""[""""-"""",""""-"""",""""-"""",""""-"""",""""-""""]"","""""
",,,,,,,,""83"",""0"",""PARTICPATES_IN"",""[""""-"""",""""-"""",""""2"""",""""-"""",""""-""""]"",""3"""
",,,,,,,,""85"",""0"",""PARTICPATES_IN"",""[""""-"""",""""-"""",""""9"""",""""-"""",""""-""""]"","""""
",,,,,,,,""86"",""0"",""PARTICPATES_IN"",""[""""-"""",""""-"""",""""-"""",""""21"""",""""8""""]"",""3"""
",,,,,,,,""87"",""0"",""PARTICPATES_IN"",""[""""-"""",""""-"""",""""-"""",""""-"""",""""-""""]"","""""
",,,,,,,,""88"",""0"",""PARTICPATES_IN"",""[""""-"""",""""-"""",""""-"""",""""-"""",""""-""""]"",""3"""
",,,,,,,,""90"",""0"",""PARTICPATES_IN"",""[""""-"""",""""-"""",""""-"""",""""3"""",""""7""""]"","""""
",,,,,,,,""91"",""0"",""PARTICPATES_IN"",""[""""-"""",""""1"""",""""3"""",""""-"""",""""2""""]"",""7"""
",,,,,,,,""92"",""0"",""PARTICPATES_IN"",""[""""-"""",""""-"""",""""-"""",""""-"""",""""-""""]"",""2"""
",,,,,,,,""93"",""0"",""PARTICPATES_IN"",""[""""-"""",""""-"""",""""-"""",""""-"""",""""-""""]"","""""
",,,,,,,,""95"",""0"",""PARTICPATES_IN"",""[""""-"""",""""-"""",""""-"""",""""-"""",""""-""""]"","""""
",,,,,,,,""96"",""0"",""PARTICPATES_IN"",""[""""-"""",""""-"""",""""-"""",""""-"""",""""-""""]"","""""
",,,,,,,,""101"",""0"",""PARTICPATES_IN"",""[""""-"""",""""-"""",""""7"""",""""-"""",""""5""""]"","""""
",,,,,,,,""66"",""20"",""PARTICPATES_IN"",""[""""-"""",""""-"""",""""-"""",""""-"""",""""1""""]"",""1"""
",,,,,,,,""67"",""20"",""PARTICPATES_IN"",""[""""-"""",""""-"""",""""-"""",""""-"""",""""13""""]"",""1"""
",,,,,,,,""68"",""20"",""PARTICPATES_IN"",""[""""7"""",""""12"""",""""-"""",""""5"""",""""2""""]"",""12"""
",,,,,,,,""69"",""20"",""PARTICPATES_IN"",""[""""-"""",""""-"""",""""-"""",""""-"""",""""-""""]"","""""
",,,,,,,,""70"",""20"",""PARTICPATES_IN"",""[""""-"""",""""-"""",""""-"""",""""-"""",""""-""""]"",""1"""
",,,,,,,,""72"",""20"",""PARTICPATES_IN"",""[""""-"""",""""-"""",""""-"""",""""-"""",""""-""""]"",""3"""
",,,,,,,,""74"",""20"",""PARTICPATES_IN"",""[""""-"""",""""-"""",""""-"""",""""-"""",""""-""""]"","""""
",,,,,,,,""75"",""20"",""PARTICPATES_IN"",""[""""-"""",""""-"""",""""-"""",""""-"""",""""-""""]"",""4"""
",,,,,,,,""77"",""20"",""PARTICPATES_IN"",""[""""-"""",""""-"""",""""-"""",""""-"""",""""-""""]"",""1"""
",,,,,,,,""78"",""20"",""PARTICPATES_IN"",""[""""-"""",""""-"""",""""-"""",""""-"""",""""3""""]"",""3"""
",,,,,,,,""79"",""20"",""PARTICPATES_IN"",""[""""-"""",""""-"""",""""-"""",""""6"""",""""-""""]"",""2"""
",,,,,,,,""80"",""20"",""PARTICPATES_IN"",""[""""-"""",""""-"""",""""-"""",""""-"""",""""-""""]"","""""
",,,,,,,,""81"",""20"",""PARTICPATES_IN"",""[""""-"""",""""-"""",""""-"""",""""-"""",""""-""""]"","""""
",,,,,,,,""83"",""20"",""PARTICPATES_IN"",""[""""4"""",""""1"""",""""-"""",""""8"""",""""4""""]"",""2"""
",,,,,,,,""85"",""20"",""PARTICPATES_IN"",""[""""-"""",""""-"""",""""34"""",""""45"""",""""-""""]"","""""
",,,,,,,,""86"",""20"",""PARTICPATES_IN"",""[""""-"""",""""6"""",""""44"""",""""1"""",""""-""""]"",""3"""
",,,,,,,,""87"",""20"",""PARTICPATES_IN"",""[""""-"""",""""-"""",""""65"""",""""12"""",""""-""""]"","""""
",,,,,,,,""88"",""20"",""PARTICPATES_IN"",""[""""-"""",""""-"""",""""-"""",""""-"""",""""-""""]"",""2"""
",,,,,,,,""90"",""20"",""PARTICPATES_IN"",""[""""-"""",""""-"""",""""8"""",""""3"""",""""5""""]"",""2"""
",,,,,,,,""91"",""20"",""PARTICPATES_IN"",""[""""-"""",""""-"""",""""2"""",""""-"""",""""59""""]"",""1"""
",,,,,,,,""92"",""20"",""PARTICPATES_IN"",""[""""-"""",""""-"""",""""-"""",""""-"""",""""-""""]"",""3"""
",,,,,,,,""93"",""20"",""PARTICPATES_IN"",""[""""-"""",""""-"""",""""-"""",""""-"""",""""-""""]"",""1"""
",,,,,,,,""95"",""20"",""PARTICPATES_IN"",""[""""-"""",""""-"""",""""-"""",""""-"""",""""-""""]"","""""
",,,,,,,,""96"",""20"",""PARTICPATES_IN"",""[""""-"""",""""-"""",""""-"""",""""33"""",""""12""""]"","""""
",,,,,,,,""101"",""20"",""PARTICPATES_IN"",""[""""-"""",""""-"""",""""-"""",""""30"""",""""-""""]"",""1"""
",,,,,,,,""120"",""0"",""PARTICPATES_IN"",""[""""-"""",""""-"""",""""-"""",""""-"""",""""-""""]"","""""
",,,,,,,,""121"",""0"",""PARTICPATES_IN"",""[""""27"""",""""-"""",""""-"""",""""-"""",""""36""""]"","""""
",,,,,,,,""122"",""0"",""PARTICPATES_IN"",""[""""3"""",""""-"""",""""17"""",""""-"""",""""4""""]"",""3"""
",,,,,,,,""123"",""0"",""PARTICPATES_IN"",""[""""-"""",""""-"""",""""-"""",""""-"""",""""-""""]"",""3"""
",,,,,,,,""124"",""0"",""PARTICPATES_IN"",""[""""-"""",""""-"""",""""-"""",""""-"""",""""-""""]"","""""
",,,,,,,,""125"",""0"",""PARTICPATES_IN"",""[""""-"""",""""-"""",""""-"""",""""-"""",""""-""""]"","""""
",,,,,,,,""126"",""0"",""PARTICPATES_IN"",""[""""7"""",""""4"""",""""-"""",""""-"""",""""-""""]"","""""
",,,,,,,,""127"",""0"",""PARTICPATES_IN"",""[""""-"""",""""-"""",""""38"""",""""19"""",""""-""""]"","""""
",,,,,,,,""128"",""0"",""PARTICPATES_IN"",""[""""-"""",""""-"""",""""1"""",""""2"""",""""-""""]"",""4"""
",,,,,,,,""129"",""0"",""PARTICPATES_IN"",""[""""-"""",""""-"""",""""-"""",""""-"""",""""-""""]"","""""
",,,,,,,,""130"",""0"",""PARTICPATES_IN"",""[""""-"""",""""-"""",""""-"""",""""-"""",""""-""""]"","""""
",,,,,,,,""131"",""0"",""PARTICPATES_IN"",""[""""-"""",""""-"""",""""-"""",""""-"""",""""-""""]"","""""
",,,,,,,,""132"",""0"",""PARTICPATES_IN"",""[""""-"""",""""-"""",""""-"""",""""-"""",""""-""""]"",""1"""
",,,,,,,,""134"",""0"",""PARTICPATES_IN"",""[""""14"""",""""7"""",""""-"""",""""-"""",""""-""""]"",""2"""
",,,,,,,,""135"",""0"",""PARTICPATES_IN"",""[""""-"""",""""-"""",""""-"""",""""-"""",""""-""""]"","""""
",,,,,,,,""136"",""0"",""PARTICPATES_IN"",""[""""-"""",""""-"""",""""-"""",""""-"""",""""-""""]"","""""
",,,,,,,,""137"",""0"",""PARTICPATES_IN"",""[""""-"""",""""-"""",""""-"""",""""-"""",""""-""""]"","""""
",,,,,,,,""138"",""0"",""PARTICPATES_IN"",""[""""-"""",""""-"""",""""-"""",""""-"""",""""-""""]"",""1"""
",,,,,,,,""139"",""0"",""PARTICPATES_IN"",""[""""-"""",""""-"""",""""-"""",""""-"""",""""-""""]"","""""
",,,,,,,,""140"",""0"",""PARTICPATES_IN"",""[""""-"""",""""5"""",""""-"""",""""-"""",""""6""""]"","""""
",,,,,,,,""141"",""0"",""PARTICPATES_IN"",""[""""-"""",""""-"""",""""-"""",""""-"""",""""-""""]"",""5"""
",,,,,,,,""142"",""0"",""PARTICPATES_IN"",""[""""-"""",""""-"""",""""-"""",""""-"""",""""-""""]"",""1"""
",,,,,,,,""143"",""0"",""PARTICPATES_IN"",""[""""-"""",""""-"""",""""-"""",""""-"""",""""-""""]"",""1"""
",,,,,,,,""160"",""0"",""PARTICPATES_IN"",""[""""-"""",""""-"""",""""-"""",""""-"""",""""-""""]"","""""
",,,,,,,,""161"",""0"",""PARTICPATES_IN"",""[""""-"""",""""6"""",""""8"""",""""-"""",""""33""""]"",""1"""
",,,,,,,,""162"",""0"",""PARTICPATES_IN"",""[""""-"""",""""-"""",""""-"""",""""1"""",""""-""""]"",""2"""
",,,,,,,,""120"",""20"",""PARTICPATES_IN"",""[""""-"""",""""-"""",""""-"""",""""-"""",""""-""""]"","""""
",,,,,,,,""121"",""20"",""PARTICPATES_IN"",""[""""-"""",""""-"""",""""-"""",""""9"""",""""16""""]"",""1"""
",,,,,,,,""122"",""20"",""PARTICPATES_IN"",""[""""25"""",""""-"""",""""-"""",""""-"""",""""-""""]"",""1"""
",,,,,,,,""123"",""20"",""PARTICPATES_IN"",""[""""-"""",""""-"""",""""-"""",""""-"""",""""-""""]"",""7"""
",,,,,,,,""124"",""20"",""PARTICPATES_IN"",""[""""-"""",""""-"""",""""-"""",""""-"""",""""-""""]"","""""
",,,,,,,,""125"",""20"",""PARTICPATES_IN"",""[""""-"""",""""-"""",""""-"""",""""-"""",""""-""""]"",""1"""
",,,,,,,,""126"",""20"",""PARTICPATES_IN"",""[""""-"""",""""-"""",""""9"""",""""4"""",""""-""""]"","""""
",,,,,,,,""127"",""20"",""PARTICPATES_IN"",""[""""-"""",""""-"""",""""7"""",""""34"""",""""-""""]"",""1"""
",,,,,,,,""128"",""20"",""PARTICPATES_IN"",""[""""6"""",""""-"""",""""-"""",""""-"""",""""-""""]"",""2"""
",,,,,,,,""129"",""20"",""PARTICPATES_IN"",""[""""69"""",""""-"""",""""-"""",""""-"""",""""-""""]"","""""
",,,,,,,,""130"",""20"",""PARTICPATES_IN"",""[""""-"""",""""-"""",""""-"""",""""-"""",""""-""""]"","""""
",,,,,,,,""131"",""20"",""PARTICPATES_IN"",""[""""-"""",""""-"""",""""17"""",""""-"""",""""-""""]"","""""
",,,,,,,,""132"",""20"",""PARTICPATES_IN"",""[""""-"""",""""-"""",""""-"""",""""-"""",""""-""""]"","""""
",,,,,,,,""134"",""20"",""PARTICPATES_IN"",""[""""-"""",""""-"""",""""-"""",""""7"""",""""-""""]"","""""
",,,,,,,,""135"",""20"",""PARTICPATES_IN"",""[""""-"""",""""-"""",""""-"""",""""-"""",""""-""""]"","""""
",,,,,,,,""136"",""20"",""PARTICPATES_IN"",""[""""-"""",""""-"""",""""-"""",""""-"""",""""-""""]"","""""
",,,,,,,,""137"",""20"",""PARTICPATES_IN"",""[""""-"""",""""-"""",""""-"""",""""-"""",""""-""""]"","""""
",,,,,,,,""138"",""20"",""PARTICPATES_IN"",""[""""-"""",""""-"""",""""-"""",""""-"""",""""-""""]"",""10"""
",,,,,,,,""139"",""20"",""PARTICPATES_IN"",""[""""-"""",""""-"""",""""-"""",""""-"""",""""-""""]"","""""
",,,,,,,,""140"",""20"",""PARTICPATES_IN"",""[""""3"""",""""-"""",""""39"""",""""13"""",""""6""""]"",""1"""
",,,,,,,,""141"",""20"",""PARTICPATES_IN"",""[""""-"""",""""-"""",""""-"""",""""-"""",""""-""""]"","""""
",,,,,,,,""142"",""20"",""PARTICPATES_IN"",""[""""-"""",""""-"""",""""-"""",""""-"""",""""-""""]"",""1"""
",,,,,,,,""143"",""20"",""PARTICPATES_IN"",""[""""-"""",""""-"""",""""-"""",""""-"""",""""-""""]"","""""
",,,,,,,,""160"",""20"",""PARTICPATES_IN"",""[""""-"""",""""-"""",""""-"""",""""-"""",""""-""""]"","""""
",,,,,,,,""161"",""20"",""PARTICPATES_IN"",""[""""-"""",""""-"""",""""-"""",""""-"""",""""-""""]"","""""
",,,,,,,,""162"",""20"",""PARTICPATES_IN"",""[""""-"""",""""2"""",""""1"""",""""-"""",""""-""""]"",""5"""
",,,,,,,,""120"",""40"",""PARTICPATES_IN"",""[""""-"""",""""-"""",""""-"""",""""-"""",""""-""""]"","""""
",,,,,,,,""121"",""40"",""PARTICPATES_IN"",""[""""-"""",""""-"""",""""-"""",""""-"""",""""-""""]"","""""
",,,,,,,,""122"",""40"",""PARTICPATES_IN"",""[""""-"""",""""-"""",""""-"""",""""-"""",""""-""""]"","""""
",,,,,,,,""123"",""40"",""PARTICPATES_IN"",""[""""55"""",""""-"""",""""29"""",""""75"""",""""68""""]"","""""
",,,,,,,,""124"",""40"",""PARTICPATES_IN"",""[""""-"""",""""-"""",""""-"""",""""-"""",""""-""""]"","""""
",,,,,,,,""125"",""40"",""PARTICPATES_IN"",""[""""-"""",""""-"""",""""39"""",""""10"""",""""79""""]"","""""
",,,,,,,,""126"",""40"",""PARTICPATES_IN"",""[""""-"""",""""-"""",""""-"""",""""-"""",""""-""""]"","""""
",,,,,,,,""127"",""40"",""PARTICPATES_IN"",""[""""-"""",""""-"""",""""-"""",""""-"""",""""-""""]"","""""
",,,,,,,,""128"",""40"",""PARTICPATES_IN"",""[""""25"""",""""-"""",""""69"""",""""31"""",""""11""""]"","""""
",,,,,,,,""129"",""40"",""PARTICPATES_IN"",""[""""-"""",""""-"""",""""-"""",""""-"""",""""-""""]"","""""
",,,,,,,,""130"",""40"",""PARTICPATES_IN"",""[""""-"""",""""-"""",""""-"""",""""-"""",""""6""""]"","""""
",,,,,,,,""131"",""40"",""PARTICPATES_IN"",""[""""-"""",""""-"""",""""-"""",""""-"""",""""-""""]"","""""
",,,,,,,,""132"",""40"",""PARTICPATES_IN"",""[""""-"""",""""1"""",""""6"""",""""3"""",""""32""""]"","""""
",,,,,,,,""134"",""40"",""PARTICPATES_IN"",""[""""-"""",""""-"""",""""-"""",""""-"""",""""-""""]"","""""
",,,,,,,,""135"",""40"",""PARTICPATES_IN"",""[""""-"""",""""-"""",""""-"""",""""-"""",""""-""""]"","""""
",,,,,,,,""136"",""40"",""PARTICPATES_IN"",""[""""-"""",""""-"""",""""-"""",""""-"""",""""-""""]"","""""
",,,,,,,,""137"",""40"",""PARTICPATES_IN"",""[""""67"""",""""40"""",""""1"""",""""11"""",""""3""""]"","""""
",,,,,,,,""138"",""40"",""PARTICPATES_IN"",""[""""1"""",""""-"""",""""7"""",""""-"""",""""84""""]"","""""
",,,,,,,,""139"",""40"",""PARTICPATES_IN"",""[""""-"""",""""-"""",""""-"""",""""-"""",""""-""""]"","""""
",,,,,,,,""140"",""40"",""PARTICPATES_IN"",""[""""-"""",""""-"""",""""-"""",""""-"""",""""-""""]"","""""
",,,,,,,,""141"",""40"",""PARTICPATES_IN"",""[""""-"""",""""79"""",""""5"""",""""-"""",""""16""""]"","""""
",,,,,,,,""142"",""40"",""PARTICPATES_IN"",""[""""-"""",""""-"""",""""-"""",""""-"""",""""-""""]"","""""
",,,,,,,,""143"",""40"",""PARTICPATES_IN"",""[""""10"""",""""26"""",""""19"""",""""16"""",""""-""""]"","""""
",,,,,,,,""160"",""40"",""PARTICPATES_IN"",""[""""-"""",""""-"""",""""-"""",""""-"""",""""-""""]"","""""
",,,,,,,,""161"",""40"",""PARTICPATES_IN"",""[""""-"""",""""-"""",""""-"""",""""-"""",""""-""""]"","""""
",,,,,,,,""162"",""40"",""PARTICPATES_IN"",""[""""-"""",""""-"""",""""-"""",""""-"""",""""-""""]"","""""
",,,,,,,,""120"",""41"",""PARTICPATES_IN"",""[""""5"""",""""-"""",""""-"""",""""8"""",""""9""""]"","""""
",,,,,,,,""121"",""41"",""PARTICPATES_IN"",""[""""-"""",""""-"""",""""-"""",""""-"""",""""-""""]"","""""
",,,,,,,,""122"",""41"",""PARTICPATES_IN"",""[""""-"""",""""-"""",""""-"""",""""-"""",""""-""""]"","""""
",,,,,,,,""123"",""41"",""PARTICPATES_IN"",""[""""-"""",""""-"""",""""1"""",""""3"""",""""-""""]"","""""
",,,,,,,,""124"",""41"",""PARTICPATES_IN"",""[""""9"""",""""8"""",""""67"""",""""10"""",""""36""""]"","""""
",,,,,,,,""125"",""41"",""PARTICPATES_IN"",""[""""32"""",""""-"""",""""51"""",""""7"""",""""19""""]"","""""
",,,,,,,,""126"",""41"",""PARTICPATES_IN"",""[""""-"""",""""-"""",""""-"""",""""-"""",""""-""""]"","""""
",,,,,,,,""127"",""41"",""PARTICPATES_IN"",""[""""-"""",""""-"""",""""-"""",""""-"""",""""-""""]"","""""
",,,,,,,,""128"",""41"",""PARTICPATES_IN"",""[""""-"""",""""-"""",""""-"""",""""-"""",""""-""""]"","""""
",,,,,,,,""129"",""41"",""PARTICPATES_IN"",""[""""14"""",""""12"""",""""-"""",""""-"""",""""-""""]"","""""
",,,,,,,,""130"",""41"",""PARTICPATES_IN"",""[""""-"""",""""-"""",""""-"""",""""9"""",""""14""""]"","""""
",,,,,,,,""131"",""41"",""PARTICPATES_IN"",""[""""-"""",""""-"""",""""-"""",""""-"""",""""-""""]"","""""
",,,,,,,,""132"",""41"",""PARTICPATES_IN"",""[""""23"""",""""-"""",""""56"""",""""15"""",""""28""""]"","""""
",,,,,,,,""134"",""41"",""PARTICPATES_IN"",""[""""-"""",""""-"""",""""-"""",""""-"""",""""-""""]"","""""
",,,,,,,,""135"",""41"",""PARTICPATES_IN"",""[""""-"""",""""-"""",""""-"""",""""-"""",""""-""""]"","""""
",,,,,,,,""136"",""41"",""PARTICPATES_IN"",""[""""-"""",""""-"""",""""-"""",""""-"""",""""-""""]"","""""
",,,,,,,,""137"",""41"",""PARTICPATES_IN"",""[""""-"""",""""27"""",""""-"""",""""28"""",""""-""""]"","""""
",,,,,,,,""138"",""41"",""PARTICPATES_IN"",""[""""7"""",""""-"""",""""7"""",""""32"""",""""29""""]"","""""
",,,,,,,,""139"",""41"",""PARTICPATES_IN"",""[""""2"""",""""10"""",""""3"""",""""1"""",""""-""""]"","""""
",,,,,,,,""140"",""41"",""PARTICPATES_IN"",""[""""-"""",""""-"""",""""-"""",""""-"""",""""-""""]"","""""
",,,,,,,,""141"",""41"",""PARTICPATES_IN"",""[""""-"""",""""-"""",""""-"""",""""-"""",""""-""""]"","""""
",,,,,,,,""142"",""41"",""PARTICPATES_IN"",""[""""-"""",""""-"""",""""-"""",""""-"""",""""-""""]"","""""
",,,,,,,,""143"",""41"",""PARTICPATES_IN"",""[""""23"""",""""22"""",""""19"""",""""32"""",""""-""""]"","""""
",,,,,,,,""160"",""41"",""PARTICPATES_IN"",""[""""53"""",""""3"""",""""-"""",""""13"""",""""25""""]"","""""
",,,,,,,,""161"",""41"",""PARTICPATES_IN"",""[""""-"""",""""-"""",""""-"""",""""-"""",""""16""""]"","""""
",,,,,,,,""162"",""41"",""PARTICPATES_IN"",""[""""-"""",""""-"""",""""-"""",""""-"""",""""-""""]"","""""
",,,,,,,,""120"",""42"",""PARTICPATES_IN"",""[""""-"""",""""-"""",""""-"""",""""-"""",""""-""""]"","""""
",,,,,,,,""121"",""42"",""PARTICPATES_IN"",""[""""-"""",""""-"""",""""-"""",""""-"""",""""-""""]"","""""
",,,,,,,,""122"",""42"",""PARTICPATES_IN"",""[""""-"""",""""-"""",""""-"""",""""-"""",""""-""""]"","""""
",,,,,,,,""123"",""42"",""PARTICPATES_IN"",""[""""-"""",""""-"""",""""-"""",""""15"""",""""1""""]"","""""
",,,,,,,,""124"",""42"",""PARTICPATES_IN"",""[""""2"""",""""-"""",""""2"""",""""9"""",""""8""""]"","""""
",,,,,,,,""125"",""42"",""PARTICPATES_IN"",""[""""49"""",""""39"""",""""4"""",""""5"""",""""27""""]"","""""
",,,,,,,,""126"",""42"",""PARTICPATES_IN"",""[""""-"""",""""-"""",""""-"""",""""-"""",""""-""""]"","""""
",,,,,,,,""127"",""42"",""PARTICPATES_IN"",""[""""-"""",""""-"""",""""-"""",""""-"""",""""-""""]"","""""
",,,,,,,,""128"",""42"",""PARTICPATES_IN"",""[""""-"""",""""-"""",""""-"""",""""-"""",""""-""""]"","""""
",,,,,,,,""129"",""42"",""PARTICPATES_IN"",""[""""-"""",""""-"""",""""-"""",""""-"""",""""-""""]"","""""
",,,,,,,,""130"",""42"",""PARTICPATES_IN"",""[""""-"""",""""-"""",""""-"""",""""13"""",""""22""""]"","""""
",,,,,,,,""131"",""42"",""PARTICPATES_IN"",""[""""-"""",""""-"""",""""-"""",""""-"""",""""-""""]"","""""
",,,,,,,,""132"",""42"",""PARTICPATES_IN"",""[""""37"""",""""-"""",""""6"""",""""61"""",""""17""""]"","""""
",,,,,,,,""134"",""42"",""PARTICPATES_IN"",""[""""-"""",""""-"""",""""-"""",""""-"""",""""-""""]"","""""
",,,,,,,,""135"",""42"",""PARTICPATES_IN"",""[""""-"""",""""-"""",""""-"""",""""-"""",""""-""""]"","""""
",,,,,,,,""136"",""42"",""PARTICPATES_IN"",""[""""-"""",""""-"""",""""-"""",""""-"""",""""-""""]"","""""
",,,,,,,,""137"",""42"",""PARTICPATES_IN"",""[""""-"""",""""-"""",""""-"""",""""-"""",""""-""""]"","""""
",,,,,,,,""138"",""42"",""PARTICPATES_IN"",""[""""1"""",""""-"""",""""10"""",""""17"""",""""28""""]"","""""
",,,,,,,,""139"",""42"",""PARTICPATES_IN"",""[""""15"""",""""-"""",""""-"""",""""3"""",""""-""""]"","""""
",,,,,,,,""140"",""42"",""PARTICPATES_IN"",""[""""-"""",""""-"""",""""-"""",""""-"""",""""-""""]"","""""
",,,,,,,,""141"",""42"",""PARTICPATES_IN"",""[""""-"""",""""-"""",""""-"""",""""-"""",""""-""""]"","""""
",,,,,,,,""142"",""42"",""PARTICPATES_IN"",""[""""-"""",""""-"""",""""-"""",""""-"""",""""-""""]"","""""
",,,,,,,,""143"",""42"",""PARTICPATES_IN"",""[""""-"""",""""5"""",""""64"""",""""34"""",""""45""""]"","""""
",,,,,,,,""160"",""42"",""PARTICPATES_IN"",""[""""11"""",""""4"""",""""-"""",""""6"""",""""4""""]"","""""
",,,,,,,,""161"",""42"",""PARTICPATES_IN"",""[""""-"""",""""-"""",""""-"""",""""-"""",""""-""""]"","""""
",,,,,,,,""162"",""42"",""PARTICPATES_IN"",""[""""-"""",""""-"""",""""-"""",""""-"""",""""-""""]"","""""
",,,,,,,,""120"",""43"",""PARTICPATES_IN"",""[""""-"""",""""-"""",""""-"""",""""23"""",""""-""""]"","""""
",,,,,,,,""121"",""43"",""PARTICPATES_IN"",""[""""-"""",""""30"""",""""5"""",""""-"""",""""56""""]"","""""
",,,,,,,,""122"",""43"",""PARTICPATES_IN"",""[""""-"""",""""-"""",""""-"""",""""59"""",""""7""""]"","""""
",,,,,,,,""123"",""43"",""PARTICPATES_IN"",""[""""36"""",""""-"""",""""-"""",""""31"""",""""58""""]"","""""
",,,,,,,,""124"",""43"",""PARTICPATES_IN"",""[""""-"""",""""-"""",""""-"""",""""-"""",""""-""""]"","""""
",,,,,,,,""125"",""43"",""PARTICPATES_IN"",""[""""-"""",""""-"""",""""-"""",""""-"""",""""-""""]"","""""
",,,,,,,,""126"",""43"",""PARTICPATES_IN"",""[""""-"""",""""-"""",""""-"""",""""-"""",""""-""""]"","""""
",,,,,,,,""127"",""43"",""PARTICPATES_IN"",""[""""-"""",""""-"""",""""9"""",""""2"""",""""5""""]"","""""
",,,,,,,,""128"",""43"",""PARTICPATES_IN"",""[""""25"""",""""-"""",""""22"""",""""15"""",""""50""""]"","""""
",,,,,,,,""129"",""43"",""PARTICPATES_IN"",""[""""-"""",""""-"""",""""-"""",""""-"""",""""-""""]"","""""
",,,,,,,,""130"",""43"",""PARTICPATES_IN"",""[""""-"""",""""-"""",""""-"""",""""-"""",""""-""""]"","""""
",,,,,,,,""131"",""43"",""PARTICPATES_IN"",""[""""6"""",""""13"""",""""6"""",""""3"""",""""21""""]"","""""
",,,,,,,,""132"",""43"",""PARTICPATES_IN"",""[""""-"""",""""-"""",""""-"""",""""-"""",""""-""""]"","""""
",,,,,,,,""134"",""43"",""PARTICPATES_IN"",""[""""-"""",""""-"""",""""-"""",""""-"""",""""-""""]"","""""
",,,,,,,,""135"",""43"",""PARTICPATES_IN"",""[""""-"""",""""47"""",""""2"""",""""18"""",""""-""""]"","""""
",,,,,,,,""136"",""43"",""PARTICPATES_IN"",""[""""-"""",""""-"""",""""-"""",""""-"""",""""-""""]"","""""
",,,,,,,,""137"",""43"",""PARTICPATES_IN"",""[""""21"""",""""36"""",""""3"""",""""29"""",""""12""""]"","""""
",,,,,,,,""138"",""43"",""PARTICPATES_IN"",""[""""-"""",""""-"""",""""-"""",""""-"""",""""-""""]"","""""
",,,,,,,,""139"",""43"",""PARTICPATES_IN"",""[""""-"""",""""-"""",""""-"""",""""-"""",""""-""""]"","""""
",,,,,,,,""140"",""43"",""PARTICPATES_IN"",""[""""-"""",""""-"""",""""-"""",""""-"""",""""-""""]"","""""
",,,,,,,,""141"",""43"",""PARTICPATES_IN"",""[""""-"""",""""-"""",""""-"""",""""-"""",""""-""""]"","""""
",,,,,,,,""142"",""43"",""PARTICPATES_IN"",""[""""-"""",""""-"""",""""-"""",""""-"""",""""-""""]"","""""
",,,,,,,,""143"",""43"",""PARTICPATES_IN"",""[""""-"""",""""-"""",""""-"""",""""-"""",""""-""""]"","""""
",,,,,,,,""160"",""43"",""PARTICPATES_IN"",""[""""-"""",""""-"""",""""-"""",""""-"""",""""-""""]"","""""
",,,,,,,,""161"",""43"",""PARTICPATES_IN"",""[""""82"""",""""-"""",""""-"""",""""1"""",""""-""""]"","""""
",,,,,,,,""162"",""43"",""PARTICPATES_IN"",""[""""-"""",""""-"""",""""-"""",""""-"""",""""-""""]"","""""
",,,,,,,,""120"",""44"",""PARTICPATES_IN"",""[""""-"""",""""-"""",""""57"""",""""25"""",""""24""""]"","""""
",,,,,,,,""121"",""44"",""PARTICPATES_IN"",""[""""-"""",""""-"""",""""-"""",""""6"""",""""-""""]"","""""
",,,,,,,,""122"",""44"",""PARTICPATES_IN"",""[""""-"""",""""-"""",""""-"""",""""-"""",""""-""""]"","""""
",,,,,,,,""123"",""44"",""PARTICPATES_IN"",""[""""-"""",""""-"""",""""-"""",""""-"""",""""-""""]"","""""
",,,,,,,,""124"",""44"",""PARTICPATES_IN"",""[""""-"""",""""-"""",""""-"""",""""-"""",""""-""""]"","""""
",,,,,,,,""125"",""44"",""PARTICPATES_IN"",""[""""-"""",""""-"""",""""-"""",""""-"""",""""-""""]"","""""
",,,,,,,,""126"",""44"",""PARTICPATES_IN"",""[""""-"""",""""-"""",""""-"""",""""-"""",""""-""""]"","""""
",,,,,,,,""127"",""44"",""PARTICPATES_IN"",""[""""-"""",""""31"""",""""-"""",""""13"""",""""5""""]"","""""
",,,,,,,,""128"",""44"",""PARTICPATES_IN"",""[""""-"""",""""-"""",""""-"""",""""-"""",""""-""""]"","""""
",,,,,,,,""129"",""44"",""PARTICPATES_IN"",""[""""-"""",""""-"""",""""-"""",""""-"""",""""-""""]"","""""
",,,,,,,,""130"",""44"",""PARTICPATES_IN"",""[""""-"""",""""-"""",""""-"""",""""-"""",""""-""""]"","""""
",,,,,,,,""131"",""44"",""PARTICPATES_IN"",""[""""17"""",""""4"""",""""-"""",""""-"""",""""-""""]"","""""
",,,,,,,,""132"",""44"",""PARTICPATES_IN"",""[""""-"""",""""-"""",""""-"""",""""-"""",""""-""""]"","""""
",,,,,,,,""134"",""44"",""PARTICPATES_IN"",""[""""-"""",""""3"""",""""22"""",""""4"""",""""-""""]"","""""
",,,,,,,,""135"",""44"",""PARTICPATES_IN"",""[""""52"""",""""48"""",""""36"""",""""9"""",""""18""""]"","""""
",,,,,,,,""136"",""44"",""PARTICPATES_IN"",""[""""-"""",""""-"""",""""-"""",""""-"""",""""-""""]"","""""
",,,,,,,,""137"",""44"",""PARTICPATES_IN"",""[""""-"""",""""-"""",""""-"""",""""-"""",""""-""""]"","""""
",,,,,,,,""138"",""44"",""PARTICPATES_IN"",""[""""-"""",""""-"""",""""-"""",""""-"""",""""-""""]"","""""
",,,,,,,,""139"",""44"",""PARTICPATES_IN"",""[""""-"""",""""-"""",""""-"""",""""-"""",""""-""""]"","""""
",,,,,,,,""140"",""44"",""PARTICPATES_IN"",""[""""-"""",""""-"""",""""-"""",""""-"""",""""12""""]"","""""
",,,,,,,,""141"",""44"",""PARTICPATES_IN"",""[""""-"""",""""-"""",""""-"""",""""-"""",""""-""""]"","""""
",,,,,,,,""142"",""44"",""PARTICPATES_IN"",""[""""-"""",""""-"""",""""-"""",""""-"""",""""-""""]"","""""
",,,,,,,,""143"",""44"",""PARTICPATES_IN"",""[""""-"""",""""-"""",""""-"""",""""-"""",""""-""""]"","""""
",,,,,,,,""160"",""44"",""PARTICPATES_IN"",""[""""-"""",""""-"""",""""-"""",""""-"""",""""-""""]"","""""
",,,,,,,,""161"",""44"",""PARTICPATES_IN"",""[""""-"""",""""-"""",""""-"""",""""-"""",""""-""""]"","""""
",,,,,,,,""162"",""44"",""PARTICPATES_IN"",""[""""-"""",""""-"""",""""-"""",""""-"""",""""-""""]"","""""
",,,,,,,,""120"",""62"",""PARTICPATES_IN"",""[""""-"""",""""-"""",""""-"""",""""-"""",""""-""""]"","""""
",,,,,,,,""121"",""62"",""PARTICPATES_IN"",""[""""-"""",""""47"""",""""-"""",""""22"""",""""-""""]"",""1"""
",,,,,,,,""122"",""62"",""PARTICPATES_IN"",""[""""-"""",""""35"""",""""4"""",""""7"""",""""6""""]"","""""
",,,,,,,,""123"",""62"",""PARTICPATES_IN"",""[""""-"""",""""-"""",""""-"""",""""-"""",""""-""""]"",""1"""
",,,,,,,,""124"",""62"",""PARTICPATES_IN"",""[""""-"""",""""-"""",""""-"""",""""-"""",""""-""""]"","""""
",,,,,,,,""125"",""62"",""PARTICPATES_IN"",""[""""-"""",""""-"""",""""-"""",""""-"""",""""-""""]"","""""
",,,,,,,,""126"",""62"",""PARTICPATES_IN"",""[""""21"""",""""-"""",""""-"""",""""5"""",""""3""""]"","""""
",,,,,,,,""127"",""62"",""PARTICPATES_IN"",""[""""-"""",""""-"""",""""-"""",""""-"""",""""32""""]"","""""
",,,,,,,,""128"",""62"",""PARTICPATES_IN"",""[""""-"""",""""-"""",""""-"""",""""2"""",""""-""""]"",""3"""
",,,,,,,,""129"",""62"",""PARTICPATES_IN"",""[""""15"""",""""15"""",""""-"""",""""1"""",""""2""""]"",""3"""
",,,,,,,,""130"",""62"",""PARTICPATES_IN"",""[""""-"""",""""-"""",""""-"""",""""-"""",""""-""""]"",""1"""
",,,,,,,,""131"",""62"",""PARTICPATES_IN"",""[""""9"""",""""2"""",""""3"""",""""6"""",""""15""""]"",""3"""
",,,,,,,,""132"",""62"",""PARTICPATES_IN"",""[""""-"""",""""-"""",""""-"""",""""-"""",""""-""""]"",""2"""
",,,,,,,,""134"",""62"",""PARTICPATES_IN"",""[""""42"""",""""-"""",""""2"""",""""-"""",""""7""""]"",""1"""
",,,,,,,,""135"",""62"",""PARTICPATES_IN"",""[""""39"""",""""9"""",""""6"""",""""8"""",""""18""""]"",""2"""
",,,,,,,,""136"",""62"",""PARTICPATES_IN"",""[""""48"""",""""5"""",""""-"""",""""-"""",""""11""""]"","""""
",,,,,,,,""137"",""62"",""PARTICPATES_IN"",""[""""-"""",""""-"""",""""-"""",""""-"""",""""-""""]"","""""
",,,,,,,,""138"",""62"",""PARTICPATES_IN"",""[""""-"""",""""-"""",""""-"""",""""-"""",""""-""""]"",""1"""
",,,,,,,,""139"",""62"",""PARTICPATES_IN"",""[""""-"""",""""-"""",""""-"""",""""-"""",""""-""""]"","""""
",,,,,,,,""140"",""62"",""PARTICPATES_IN"",""[""""28"""",""""27"""",""""-"""",""""19"""",""""-""""]"",""3"""
",,,,,,,,""141"",""62"",""PARTICPATES_IN"",""[""""-"""",""""-"""",""""-"""",""""-"""",""""-""""]"",""2"""
",,,,,,,,""142"",""62"",""PARTICPATES_IN"",""[""""-"""",""""-"""",""""-"""",""""-"""",""""-""""]"",""2"""
",,,,,,,,""143"",""62"",""PARTICPATES_IN"",""[""""-"""",""""-"""",""""-"""",""""-"""",""""-""""]"",""3"""
",,,,,,,,""160"",""62"",""PARTICPATES_IN"",""[""""-"""",""""-"""",""""-"""",""""-"""",""""-""""]"","""""
",,,,,,,,""161"",""62"",""PARTICPATES_IN"",""[""""27"""",""""-"""",""""-"""",""""11"""",""""-""""]"","""""
",,,,,,,,""162"",""62"",""PARTICPATES_IN"",""[""""1"""",""""1"""",""""1"""",""""3"""",""""-""""]"",""7"""
",,,,,,,,""163"",""0"",""PARTICPATES_IN"",""[""""-"""",""""-"""",""""-"""",""""-"""",""""-""""]"","""""
",,,,,,,,""163"",""20"",""PARTICPATES_IN"",""[""""-"""",""""-"""",""""-"""",""""-"""",""""-""""]"","""""
",,,,,,,,""163"",""40"",""PARTICPATES_IN"",""[""""19"""",""""5"""",""""21"""",""""17"""",""""42""""]"","""""
",,,,,,,,""163"",""41"",""PARTICPATES_IN"",""[""""3"""",""""-"""",""""2"""",""""5"""",""""10""""]"","""""
",,,,,,,,""163"",""42"",""PARTICPATES_IN"",""[""""3"""",""""-"""",""""1"""",""""4"""",""""12""""]"","""""
",,,,,,,,""163"",""43"",""PARTICPATES_IN"",""[""""-"""",""""-"""",""""11"""",""""-"""",""""52""""]"","""""
",,,,,,,,""163"",""44"",""PARTICPATES_IN"",""[""""-"""",""""-"""",""""-"""",""""-"""",""""-""""]"","""""
",,,,,,,,""163"",""62"",""PARTICPATES_IN"",""[""""-"""",""""-"""",""""-"""",""""-"""",""""-""""]"",""2"""
",,,,,,,,""66"",""164"",""RIDES_FOR"","""","""""
",,,,,,,,""81"",""164"",""RIDES_FOR"","""","""""
",,,,,,,,""126"",""164"",""RIDES_FOR"","""","""""
",,,,,,,,""130"",""164"",""RIDES_FOR"","""","""""
",,,,,,,,""131"",""184"",""RIDES_FOR"","""","""""
",,,,,,,,""80"",""184"",""RIDES_FOR"","""","""""
",,,,,,,,""67"",""185"",""RIDES_FOR"","""","""""
",,,,,,,,""90"",""185"",""RIDES_FOR"","""","""""
",,,,,,,,""121"",""185"",""RIDES_FOR"","""","""""
",,,,,,,,""75"",""187"",""RIDES_FOR"","""","""""
",,,,,,,,""88"",""187"",""RIDES_FOR"","""","""""
",,,,,,,,""123"",""189"",""RIDES_FOR"","""","""""
",,,,,,,,""161"",""189"",""RIDES_FOR"","""","""""
",,,,,,,,""143"",""195"",""RIDES_FOR"","""","""""
",,,,,,,,""137"",""196"",""RIDES_FOR"","""","""""
",,,,,,,,""92"",""198"",""RIDES_FOR"","""","""""
",,,,,,,,""136"",""199"",""RIDES_FOR"","""","""""
",,,,,,,,""101"",""199"",""RIDES_FOR"","""","""""
",,,,,,,,""138"",""199"",""RIDES_FOR"","""","""""
",,,,,,,,""72"",""189"",""RIDES_FOR"","""","""""
",,,,,,,,""135"",""200"",""RIDES_FOR"","""","""""
",,,,,,,,""127"",""190"",""RIDES_FOR"","""","""""
",,,,,,,,""142"",""192"",""RIDES_FOR"","""","""""
",,,,,,,,""91"",""186"",""RIDES_FOR"","""","""""
",,,,,,,,""87"",""187"",""RIDES_FOR"","""","""""
",,,,,,,,""70"",""189"",""RIDES_FOR"","""","""""
",,,,,,,,""93"",""189"",""RIDES_FOR"","""","""""
",,,,,,,,""124"",""189"",""RIDES_FOR"","""","""""
",,,,,,,,""134"",""190"",""RIDES_FOR"","""","""""
",,,,,,,,""160"",""190"",""RIDES_FOR"","""","""""
",,,,,,,,""79"",""191"",""RIDES_FOR"","""","""""
",,,,,,,,""128"",""198"",""RIDES_FOR"","""","""""
",,,,,,,,""125"",""199"",""RIDES_FOR"","""","""""
",,,,,,,,""78"",""200"",""RIDES_FOR"","""","""""
",,,,,,,,""141"",""200"",""RIDES_FOR"","""","""""
",,,,,,,,""74"",""200"",""RIDES_FOR"","""","""""
",,,,,,,,""139"",""201"",""RIDES_FOR"","""","""""
",,,,,,,,""96"",""186"",""RIDES_FOR"","""","""""
",,,,,,,,""140"",""187"",""RIDES_FOR"","""","""""
",,,,,,,,""163"",""188"",""RIDES_FOR"","""","""""
",,,,,,,,""132"",""191"",""RIDES_FOR"","""","""""
",,,,,,,,""120"",""192"",""RIDES_FOR"","""","""""
",,,,,,,,""77"",""192"",""RIDES_FOR"","""","""""
",,,,,,,,""86"",""193"",""RIDES_FOR"","""","""""
",,,,,,,,""68"",""194"",""RIDES_FOR"","""","""""
",,,,,,,,""83"",""194"",""RIDES_FOR"","""","""""
",,,,,,,,""85"",""193"",""RIDES_FOR"","""","""""
",,,,,,,,""122"",""194"",""RIDES_FOR"","""","""""
",,,,,,,,""162"",""196"",""RIDES_FOR"","""","""""
",,,,,,,,""69"",""196"",""RIDES_FOR"","""","""""
",,,,,,,,""129"",""196"",""RIDES_FOR"","""","""""
